
{    
    "request" : {
        "path": "getSowReport",
        "method" : "get"
    },
    "response" : {
        "status" : 200,
        "data" : [
                    {
                        "businessUnit": "HCNA",
                        "MSA": "Cognizant",
                        "contractNumber": "EHP-2633",
                        "SOW": 112,
                        "Amd": 1,
                        "sowDetails": "Sow Details",
                        "contractType": "Fixed Price",
                        "workType": "Security Services",
                        "businessArea": "Consumer and Product",
                        "excellusContact": "Staci Dayton",
                        "sowValue": "$151,639",
                        "startDate": "6/26/2017",
                        "endDate": "6/26/2017",
                        "status": "No extension planned",
                        "recordType": "Active"
                    },
                    {
                        "businessUnit": "HCNA",
                        "MSA": "Cognizant",
                        "contractNumber": "EHP-2633",
                        "SOW": 222,
                        "Amd": 1,
                        "sowDetails": "Sow Details",
                        "contractType": "Fixed Price",
                        "workType": "Security Services",
                        "businessArea": "Consumer and Product",
                        "excellusContact": "Staci Dayton",
                        "sowValue": "$151,639",
                        "startDate": "6/26/2017",
                        "endDate": "6/26/2017",
                        "status": "No extension planned",
                        "recordType": "Active"
                    },

                     {
                        "businessUnit": "HCNA",
                        "MSA": "Cognizant",
                        "contractNumber": "EHP-2633",
                        "SOW": 333,
                        "Amd": 1,
                        "sowDetails": "Sow Details",
                        "contractType": "Fixed Price",
                        "workType": "Security Services",
                        "businessArea": "Consumer and Product",
                        "excellusContact": "Staci Dayton",
                        "sowValue": "$151,639",
                        "startDate": "6/26/2017",
                        "endDate": "6/26/2017",
                        "status": "No extension planned",
                        "recordType": "Completed"
                    },
                    {
                        "businessUnit": "HCNA",
                        "MSA": "Cognizant",
                        "contractNumber": "EHP-2633",
                        "SOW": 444,
                        "Amd": 1,
                        "sowDetails": "Sow Details",
                        "contractType": "Fixed Price",
                        "workType": "Security Services",
                        "businessArea": "Consumer and Product",
                        "excellusContact": "Staci Dayton",
                        "sowValue": "$151,639",
                        "startDate": "6/26/2017",
                        "endDate": "6/26/2017",
                        "status": "No extension planned",
                        "recordType": "Progress"
                    },
                    {
                        "businessUnit": "HCNA",
                        "MSA": "Cognizant",
                        "contractNumber": "EHP-2633",
                        "SOW": 555,
                        "Amd": 1,
                        "sowDetails": "Sow Details",
                        "contractType": "Fixed Price",
                        "workType": "Security Services",
                        "businessArea": "Consumer and Product",
                        "excellusContact": "Staci Dayton",
                        "sowValue": "$151,639",
                        "startDate": "6/26/2017",
                        "endDate": "6/26/2017",
                        "status": "No extension planned",
                        "recordType": "Cancelled"
                    }
        ]
    }
}